experiment,total,hits,miss_rate
Vis: CLIP (Answer),328,0,1.0
Vis: SigLIP (Answer),328,13,0.9603658536585366
Text Only (BGE),697,433,0.3787661406025825
Hybrid: BGE + SigLIP,697,436,0.37446197991391683
Hybrid: BGE + CLIP,697,463,0.33572453371592537
