Mode,Model,k,Recall,MRR,nDCG,Hits,Total
Vision (Semantic),SigLIP,5,0.039634146341463415,0.0236280487804878,0.016924898582811997,13,328
Vision (Semantic),OpenAI CLIP,5,0.0,0.0,0.0,0,328
RAG (Question),Text Only (BGE),5,0.6212338593974175,0.5395504543280725,0.4829072828033733,433,697
RAG (Question),BGE + SigLIP,10,0.6255380200860832,0.5215965247887769,0.4702469434717702,436,697
RAG (Question),BGE + OpenAI CLIP,10,0.6642754662840746,0.545379289927353,0.4948753763980895,463,697
